pd_dept,agency3
Aberdeen,Aberdeen Twp PD
Absecon,Absecon City PD
Allendale,Allendale PD
Allenhurst,Allenhurst PD
Allentown,Allentown Boro PD
Alpine,
Andover Township,Andover Twp PD
Asbury Park,Asbury Park PD
Atlantic City,Atlantic City PD
Atlantic Highlands,Atlantic Co Corrections
Atlantic Highlands,Atlantic Co Sheriffs Office
Atlantic Highlands,Atlantic County Prosecutors Office
Atlantic Highlands,Atlantic Highlands PD
Audubon,Audubon PD
Avalon,Avalon Boro PD
Avon-By-the-Sea,Avon-By-The-Sea PD
Barnegat,Barnegat Twp PD
Barrington,Barrington PD
Bay Head,Bayhead Boro PD
Bayonne,Bayonne PD
Beach Haven,Beach Haven PD
Beachwood,Beachwood Boro PD
Bedminster,
Belleville,Belleville PD
Bellmawr,Bellmawr PD
Belmar,Belmar PD
Belvidere,Belvidere PD
Bergenfield,Bergen Co Prosecutors Office
Bergenfield,Bergen Co Sheriffs Dept
,Bergenfield PD
Berkeley Heights,Berkeley Heights PD
Berkeley,Berkeley Twp PD
Berlin Borough,Berlin Boro PD
Berlin Township,Berlin Twp PD
Bernards,Bernards Twp PD
Bernardsville,Bernardsville PD
Beverly,Beverly City PD
Blairstown,Blairstown Twp PD
Bloomfield,Bloomfield PD
Bloomingdale,Bloomingdale Boro PD
Bogota,Bogota PD
Boonton,Boonton PD
Boonton Township,Boonton Twp PD
Bordentown,Bordentown City PD
Bordentown Township,Bordentown Twp PD
Bound Brook,Bound Brook PD
Bradley Beach,Bradley Beach PD
Branchburg,Branchburg Twp PD
Brick,Brick Twp PD
Bridgeton City,Bridgeton PD
Bridgewater,Bridgewater Twp PD
Brielle,Brielle PD
Brigantine Beach,Brigantine PD
Brooklawn,Brooklawn PD
Buena Borough,
Burlington City,Burlington City PD
Burlington City,Burlington Co Prosecutors Office
Burlington City,Burlington County Bridge Commission
Burlington City,Burlington County Sheriffs Office
Burlington Town,Burlington Twp PD
Butler,Butler Boro PD
Byram,Byram Twp PD
Caldwell,Caldwell PD
Camden,Camden Co Corrections
Camden,Camden Co Prosecutors Office
Camden,Camden Co Sheriffs Dept
Camden,Camden PD
Cape May,Cape May City PD
Cape May,Cape May Co Prosecutors Office
Cape May,Cape May Co Sheriffs Office
Carlstadt,Carlstadt PD
Carney's Point,Carneys Point PD
Carteret,Carteret PD
Cedar Grove,Cedar Grove PD
Chatham Borough,Chatham Boro PD
Chatham Township,
Cherry Hill,Cherry Hill Twp PD
Chesilhurst,Chesilhurst PD
Chester Township,Chester PD
Chesterfield,Chesterfield Twp PD
Cinnaminson,Cinnaminson PD
Clark,Clark PD
Clayton,Clayton PD
Clementon,Clementon Boro PD
Cliffside Park,Cliffside Park PD
Clifton,Clifton PD
Clinton Township,Clinton Town PD
Clinton Township,Clinton Twp PD
Closter,Closter PD
,College Of New Jersey
Collingswood,Collingswood PD
Colts Neck,Colts Neck PD
Cranbury,Cranbury Twp PD
Cranford,Cranford PD
Cresskill,Cresskill PD
,Cumberland Co Sheriffs Dept
Deal,Deal PD
Delanco,Delanco Twp PD
Delaware,Delaware River Port Authority
Delaware,Delaware Twp PD
Delran,Delran Twp PD
Demarest,Demarest PD
Denville,Denville PD
,Department of Corrections
Deptford,Deptford Twp PD
,Division of Criminal Justice
,Division Of Fish And Wildlife
Dover,Dover PD
Dumont,Dumont PD
Dunellen,Dunellen PD
East Brunswick,East Brunswick Twp PD
East Greenwich,East Greenwich Twp PD
East Hanover,East Hanover Twp PD
East Newark,East Newark PD
East Orange,East Orange PD
East Rutherford,East Rutherford PD
East Windsor,East Windsor Twp PD
Eastampton,Eastampton Twp PD
Eatontown,Eatontown PD
Edgewater Park,Edgewater Park Twp PD
Edgewater,Edgewater PD
Edison,Edison Twp PD
Egg Harbor City,Egg Harbor City PD
Egg Harbor Township,Egg Harbor Twp PD
Elizabeth,Elizabeth PD
Elk,Elk Twp PD
Elmwood Park,Elmwood Park PD
Emerson,Emerson PD
Englewood Cliffs,Englewood Cliffs PD
Englewood,Englewood PD
Englishtown,
,Essex Co Prosecutors Office
,Essex Co Sheriffs Office
Essex Fells,Essex Fells PD
Evesham,Evesham Twp PD
Ewing,Ewing Twp PD
Fair Haven,Fair Haven PD
Fairfield,Fairfield PD
Fairlawn,Fair Lawn PD
Fairview,Fairview PD
Fanwood,Fanwood PD
Far Hills,
Flemington,Flemington PD
Florence,Florence Twp PD
Florham Park,Florham Park PD
Fort Lee,Fort Lee PD
Franklin,Franklin Boro PD
Franklin Lakes,Franklin Lakes Boro PD
Franklin,Franklin Twp PD
Freehold Borough,Freehold Boro PD
Freehold Township,Freehold Twp PD
Frenchtown,Frenchtown Boro PD
Galloway,Galloway Twp PD
Garfield,Garfield PD
Garwood,Garwood PD
Gibbsboro,Gibbsboro PD
Glassboro,Glassboro PD
Glen Ridge,Glen Ridge PD
Glen Rock,Glen Rock PD
Gloucester City,Gloucester City PD
,Gloucester Co Prosecutors Office
,Gloucester Co Sheriffs Dept
Gloucester Township,Gloucester Twp PD
Green Brook,Green Brook PD
Greenwich,Greenwich Twp PD
Guttenberg,Guttenberg PD
Hackensack,Hackensack PD
Hackettstown,Hackettstown PD
Haddon Heights,Haddon Heights PD
Haddon,Haddon Twp PD
Haddonfield,Haddonfield PD
Haledon,Haledon PD
Hamburg,Hamburg PD
Hamilton,Hamilton Twp PD
Hammonton,Hammonton PD
Hanover,Hanover Twp PD
Harding,Harding Twp PD
Hardyston,Hardyston Twp Police Dept
Harrington Park,Harrington Park PD
Harrison,Harrison PD
Harrison,Harrison Twp PD
Harvey Cedars,Harvey Cedars Boro PD
Hasbrouck Heights,
Haworth,
Hawthorne,Hawthorne PD
Hazlet,Hazlet Twp PD
Helmetta,
Hi-Nella,Hi-Nella PD
High Bridge,High Bridge Boro PD
Highland Park,Highland Park PD
Highlands,Highlands PD
Hightstown,Hightstown PD
Hillsborough,Hillsborough Twp PD
Hillsdale,Hillsdale PD
Hillside,Hillside PD
Ho-Ho-Kus,
Hoboken,Hoboken PD
Holland,Holland Twp PD
Holmdel,Holmdel PD
Hopatcong,Hopatcong PD
Hopewell Township,Hopewell Twp PD
Howell,Howell Twp PD
,Hudson Co ProsecutorOff-S/Force
,Hudson Co Sheriffs Dept
,Hunterdon Co Prosecutor Office
,Hunterdon Co Sheriffs Dept
Independence,Independence Twp PD
Irvington,Irvington PD
Island Heights,
Jackson,Jackson Twp PD
Jamesburg,Jamesburg PD
Jefferson,Jefferson Twp PD
Jersey City,Jersey City PD
Keansburg,Keansburg PD
Kearny,Kearny PD
Kenilworth,Kenilworth PD
Keyport,Keyport PD
Kinnelon,Kinnelon Boro PD
Lacey,Lacey Twp PD
Lake Como,
Lakehurst,Lakehurst Boro PD
Lakewood,Lakewood PD
Lambertville,Lambertville City PD
Laurel Springs,Laurel Springs PD
Lavallette,Lavallette PD
Lawrence,Lawrence Twp PD
Lebanon,Lebanon Twp PD
Leonia,Leonia PD
Lincoln Park,Lincoln Park PD
Linden,Linden Police Department
Lindenwold,Lindenwold Boro PD
Linwood,Linwood City PD
Little Egg Harbor,Little Egg Harbor Twp PD
Little Falls,Little Falls PD
Little Ferry,Little Ferry PD
Little Silver,Little Silver PD
Livingston,Livingston PD
Lodi,Lodi PD
Logan,Logan Twp PD
Long Beach,Long Beach Twp PD
Long Branch,Long Branch PD
Long Hill,Long Hill Twp PD
Longport,Longport PD
Lopatcong,Lopatcong Twp PD
Lower Alloways Creek,Lower Alloways Creek Twp PD
Lower Township,Lower Twp PD
Lumberton,Lumberton Twp PD
Lyndhurst,Lyndhurst PD
Madison,Madison PD
Magnolia,Magnolia PD
Mahwah,Mahwah Twp PD
Manalapan,Manalapan Twp PD
Manasquan,Manasquan PD
Manchester,Manchester Twp PD
Mansfield,Mansfield Twp PD
Mansfield,Mansfield Twp PD
Mantoloking,Mantoloking Boro PD
Mantua,Mantua Twp PD
Manville,Manville PD
Maple Shade,Maple Shade PD
Maplewood,Maplewood PD
Margate,Margate PD
Marlboro,Marlboro Twp PD
Matawan,Matawan PD
Maywood,Maywood PD
Medford Lakes,Medford Lakes PD
Medford,Medford Twp PD
Mendham Borough,Mendham Boro PD
Mendham Township,Mendham Twp PD
,Mercer Co Prosecutor Off
,Mercer Co Sheriffs Dept
Merchantville,Merchantville PD
Metuchen,Metuchen PD
Middle,Middle Twsp PD
Middlesex,Middlesex Boro PD
,Middlesex Co Prosecutors Office
,Middlesex Co Sheriffs Dept
Middletown,Middletown PD
Midland Park,Midland Park PD
Millburn,Millburn PD
Milltown,Milltown PD
Millville,Millville PD
Monmouth Beach,Monmouth Beach PD
,Monmouth Co Prosecutors Office
,Monmouth Co Sheriffs Dept
Monroe,Monroe Twp PD
Montclair,Montclair PD
,Montclair State College PD
Montgomery,Montgomery Twp PD
Montvale,Montvale PD
Montville,Montville Twp PD
Moonachie,Moonachie PD
Moorestown,Moorestown PD
,Morris Co Corrections
,Morris Co Prosecutors Office
,Morris Co Sheriffs Dept
Morris Plains,Morris Plains PD
Morris Township,Morris Twp PD
Morristown,Morristown PD
Mount Arlington,Mount Arlington Boro PD
Mount Ephraim,Mt. Ephraim PD
Mount Holly,Mount Holly PD
Mount Laurel,Mount Laurel Twp PD
Mount Olive,Mount Olive Twp PD
Mountain Lakes,Mountain Lakes PD
Mountainside,Mountainside PD
Mullica,Mullica Twp PD
Neptune City,Neptune City PD
Neptune Township,Neptune Twp PD
Netcong,Netcong Boro PD
New Brunswick,New Brunswick PD
,New Hanover Twp PD
,New Jersey Institute Of Technology
,New Jersey Transit Police
New Milford,New Milford PD
New Providence,New Providence PD
Newark,Newark PD
Newfield,
Newton,Newton PD
North Arlington,NJ State Human Services Police
North Bergen,North Arlington PD
North Brunswick,North Bergen PD
,North Brunswick Twp PD
North Caldwell,North Caldwell PD
North Haledon,North Haledon PD
North Hanover,North Hanover Twp PD
North Plainfield,North Plainfield PD
North Wildwood,North Wildwood City PD
Northfield,Northfield PD
Northvale,
Norwood,Norwood PD
Nutley,Nutley PD
Oakland,Oakland PD
Oaklyn,Oaklyn Boro PD
Ocean City,Ocean City PD
Ocean Gate,Ocean Co Prosecutors Office
,Ocean Co Sheriffs Dept
,Ocean Twp PD
,Oceangate Boro PD
Oceanport,Oceanport PD
Ocean Township,Old Bridge Twp PD
Ocean Township,Old Tappan PD
Ogdensburg,
Old Bridge,
Old Tappan,
Oradell,Oradell PD
Orange,Orange PD
Palisades Park,Palisades Inter. Parkway PD
,Palisades Park PD
Palmyra,Palmyra Boro PD
Paramus,Paramus PD
,Park Police
Park Ridge,Park Ridge PD
Parsippany-Troy,Parsippany-Troy Hills PD
Passaic,Passaic Co Prosecutors Office
,Passaic Co Sheriffs Dept
,Passaic PD
Paterson,Paterson PD
Paulsboro,Paulsboro PD
Peapack-Gladstone,
Pemberton Borough,Pemberton Boro PD
Pemberton Township,Pemberton Twp PD
Pennington,Pennington Boro PD
Penns Grove,Penns Grove PD
Pennsauken,Pennsauken Twp PD
Pennsville,Pennsville PD
Pequannock,Pequannock PD
Perth Amboy,Perth Amboy PD
Phillipsburg,Phillipsburg PD
Pine Beach,Pine Beach Boro PD
Pine Hill,Pine Hill PD
Piscataway,Piscataway Twp PD
Pitman,Pitman PD
Plainfield,Plainfield PD
Plainsboro,Plainsboro Twp PD
Pleasantville,Pleasantville PD
Plumsted,Plumsted Twp PD
Pohatcong,Pohatcong PD
Point Pleasant Beach,Point Pleasant Beach PD
Point Pleasant,Point Pleasant Boro PD
Pompton Lakes,Pompton Lakes Boro PD
Princeton,Princeton PD
,Princeton University Police
Prospect Park,Prospect Park Boro PD
Rahway,Rahway PD
Ramsey,Ramsey PD
Randolph,Randolph Twp PD
Raritan,Raritan PD
Raritan,Raritan Twp PD
Readington,Readington PD
Red Bank,Red Bank PD
,Ridgefield Boro PD
Ridgefield Park,Ridgefield Park PD
Ridgefield,
Ridgewood,Ridgewood Village PD
Ringwood,Ringwood Boro PD
River Edge,River Edge PD
River Vale,River Vale PD
Riverdale,Riverdale PD
Riverside,Riverside PD
Riverton,Riverton Boro PD
Robbinsville,Robbinsville Township Police
Rochelle Park,Rochelle Park PD
Rockaway Borough,Rockaway Boro PD
Rockaway Township,Rockaway Twp PD
Roseland,Roseland PD
Roselle Park,Roselle Park PD
Roselle,Roselle PD
,Rowan University Of NJ
Roxbury,Roxbury Twp PD
Rumson,Rumson PD
Runnemede,Runnemede PD
,Rutgers Univ Police
Rutherford,Rutherford PD
Saddle Brook,Saddle Brook PD
Saddle River,Saddle River PD
Salem City,Salem Co Prosecutors Office
,Salem Co Sheriffs Dept
,Salem PD
Sayreville,Sayreville PD
Scotch Plains,Scotch Plains PD
Sea Bright,Sea Bright PD
Sea Girt,Sea Girt PD
Sea Isle City,Sea Isle City PD
Seaside Heights,Seaside Heights PD
Seaside Park,Seaside Park PD
Secaucus,Secaucus PD
Ship Bottom,Ship Bottom Boro PD
Shrewsbury,Shrewsbury PD
Somerdale,Somerdale PD
Somers Point,Somers Point PD
,Somerset Co Corrections
,Somerset Co Prosecutors Office
,Somerset Co Sheriffs Dept
Somerville,Somerville PD
South Amboy,South Amboy PD
South Bound Brook,South Bound Brook PD
South Brunswick,South Brunswick Twp PD
South Hackensack,South Hackensack PD
South Harrison,
South Orange,South Orange PD
South Plainfield,South Plainfield PD
South River,South River PD
South Toms River,South Toms River PD
Sparta,Sparta PD
Spotswood,Spotswood PD
Spring Lake Borough,Spring Lake Heights PD
Spring Lake Heights,Spring Lake PD
Springfield,Springfield Twp PD
Springfield,
Stafford,Stafford Twp PD
Stanhope,Stanhope PD
NJSP,State Parole Board
NJSP,State Police
,Stevens Institute Of Technology
,Stockton University
Stone Harbor Borough,Stone Harbor Boro PD
Stratford,Stratford Boro PD
Summit,Summit PD
Surf City,Surf City PD
Sussex Borough,Sussex Co Prosecutors Office
Sussex Borough,Sussex Co Sheriffs Dept
Teaneck,Teaneck PD
Tenafly,Tenafly PD
Tewksbury,Tewksbury Twp PD
Tinton Falls,Tinton Falls PD
Toms River,Toms River Township
Totowa,Totowa Boro PD
Clinton,
Trenton,Trenton PD
Tuckerton,Tuckerton Boro PD
Union Beach,Union Beach PD
Union City,Union City PD
,Union Co PD
,Union Co Prosecutors Office
,Union Co Sheriffs Office
Union Township,Union Twp PD
Upper Saddle River,Upper Saddle River PD
Ventnor City,Ventnor PD
Vernon,Vernon Twp PD
Verona,Verona PD
Vineland,Vineland PD
Voorhees,Voorhees Twp PD
Waldwick,Waldwick PD
Wall,Wall Twp PD
Wallington,Wallington PD
Wanaque,Wanaque Boro PD
Warren Township,Warren Co Prosecutors Office
Washington Township,Warren Twp PD
Washington,Washington Twp PD
Washington,
Washington,
Watchung,Watchung PD
Waterford,Waterford Twp PD
Wayne,Wayne PD
Weehawken,Weehawken PD
Wenonah,
West Amwell,West Amwell Twp PD
West Caldwell,West Caldwell PD
West Deptford,West Deptford Twp PD
West Long Branch,West Long Branch PD
West Milford,West Milford PD
West New York,West New York PD
West Orange,West Orange PD
West Wildwood,West Windsor Twp PD
West Windsor,Westampton Twp PD
Westfield,Westfield PD
Westampton,
Westville,Westville PD
Westwood,Westwood PD
Wharton,Wharton Boro PD
Wildwood Crest,Wildwood Crest Boro PD
Wildwood,Wildwood PD
,William Paterson University PD
Willingboro,Willingboro PD
Winfield,
Winslow,Winslow Twp PD
Wood-Ridge,Wood-Ridge PD
Woodbridge,Woodbridge Twp PD
Woodbury Heights,Woodbury Heights PD
Woodbury,Woodbury City PD
Woodcliff Lake,Woodcliff Lake PD
Woodland Park,Woodland Park Boro PD
Woodlynne,Woodlynne PD
Woodstown,Woodstown Boro PD
Woolwich,Woolwich Twp PD
Wyckoff,Wyckoff Twp PD